Title,Year,Runtime (minutes),Genre,Box Office (millions),Franchise,Decade,Runtime Category
Fast & Furious 3,2005,124,Sci-Fi,216,Yes,2005,Long (120-150)
Batman 5,2005,135,Action,208,Yes,2005,Long (120-150)
The First Storm,2005,103,Horror,82,No,2005,Medium (100-120)
The Silver Horizon,2005,80,Horror,90,No,2005,Short (<100)
The Lost Fire,2005,109,Sci-Fi,135,No,2005,Medium (100-120)
The Final Rise,2005,100,Horror,85,No,2005,Short (<100)
Spider-Man 4,2005,114,Superhero,127,Yes,2005,Medium (100-120)
Transformers 4,2005,122,Sci-Fi,50,Yes,2005,Long (120-150)
Mission Impossible 2,2005,122,Superhero,188,Yes,2005,Long (120-150)
Mission Impossible 4,2005,118,Action,120,Yes,2005,Medium (100-120)
Fast & Furious 2,2005,120,Action,160,Yes,2005,Medium (100-120)
Fast & Furious 1,2005,119,Action,124,Yes,2005,Medium (100-120)
Mission Impossible 3,2005,126,Superhero,106,Yes,2005,Long (120-150)
The Iron Fire,2005,119,Action,150,No,2005,Medium (100-120)
The Silent Horizon,2005,107,Sci-Fi,93,No,2005,Medium (100-120)
The Golden Night,2005,108,Sci-Fi,166,No,2005,Medium (100-120)
The Lost Horizon,2005,95,Superhero,129,No,2005,Short (<100)
The Silver Fall,2005,111,Horror,107,No,2005,Medium (100-120)
The Hidden Dawn,2005,101,Drama,50,No,2005,Medium (100-120)
Fast & Furious 3,2005,127,Sci-Fi,172,Yes,2005,Long (120-150)
Fast & Furious 4,2005,114,Superhero,153,Yes,2005,Medium (100-120)
The Iron Fire,2005,105,Action,143,No,2005,Medium (100-120)
Batman 1,2005,122,Action,157,Yes,2005,Long (120-150)
The Silver Dawn,2005,93,Drama,131,No,2005,Short (<100)
Transformers 1,2005,113,Action,118,Yes,2005,Medium (100-120)
Mission Impossible 2,2005,112,Superhero,146,Yes,2005,Medium (100-120)
Star Wars 2,2005,115,Action,125,Yes,2005,Medium (100-120)
The Silent Dawn,2005,115,Horror,129,No,2005,Medium (100-120)
Transformers 3,2005,127,Sci-Fi,123,Yes,2005,Long (120-150)
The First Horizon,2005,110,Sci-Fi,60,No,2005,Medium (100-120)
The Hidden Shadow,2005,123,Horror,176,No,2005,Long (120-150)
The Hidden Rise,2005,96,Comedy,169,No,2005,Short (<100)
The Silver Rise,2005,113,Comedy,53,No,2005,Medium (100-120)
Spider-Man 2,2005,120,Action,158,Yes,2005,Medium (100-120)
The Final Dawn,2005,107,Action,123,No,2005,Medium (100-120)
Transformers 3,2005,117,Superhero,187,Yes,2005,Medium (100-120)
The Dark Edge,2005,119,Superhero,193,No,2005,Medium (100-120)
Jurassic World 1,2005,121,Sci-Fi,81,Yes,2005,Long (120-150)
The Silver Light,2005,95,Sci-Fi,129,No,2005,Short (<100)
Transformers 3,2005,128,Action,250,Yes,2005,Long (120-150)
Mission Impossible 5,2005,129,Sci-Fi,156,Yes,2005,Long (120-150)
Avengers 4,2005,128,Action,175,Yes,2005,Long (120-150)
The Hidden Shadow,2005,109,Superhero,127,No,2005,Medium (100-120)
The Lost Rise,2005,108,Superhero,133,No,2005,Medium (100-120)
The Lost Horizon,2005,106,Action,88,No,2005,Medium (100-120)
Transformers 2,2005,127,Sci-Fi,158,Yes,2005,Long (120-150)
The Golden Storm,2005,110,Comedy,62,No,2005,Medium (100-120)
Transformers 1,2005,124,Sci-Fi,111,Yes,2005,Long (120-150)
Star Wars 3,2005,126,Action,80,Yes,2005,Long (120-150)
Spider-Man 5,2005,114,Superhero,121,Yes,2005,Medium (100-120)
Star Wars 2,2006,140,Action,146,Yes,2005,Long (120-150)
Jurassic World 5,2006,122,Action,151,Yes,2005,Long (120-150)
Mission Impossible 3,2006,122,Superhero,90,Yes,2005,Long (120-150)
Fast & Furious 4,2006,117,Sci-Fi,155,Yes,2005,Medium (100-120)
The Golden Light,2006,90,Comedy,50,No,2005,Short (<100)
Fast & Furious 2,2006,113,Action,209,Yes,2005,Medium (100-120)
Star Wars 1,2006,108,Superhero,161,Yes,2005,Medium (100-120)
The Final Night,2006,92,Superhero,95,No,2005,Short (<100)
Jurassic World 4,2006,125,Sci-Fi,188,Yes,2005,Long (120-150)
Transformers 5,2006,108,Sci-Fi,110,Yes,2005,Medium (100-120)
Star Wars 5,2006,118,Action,162,Yes,2005,Medium (100-120)
The Dark Edge,2006,95,Comedy,113,No,2005,Short (<100)
Transformers 3,2006,127,Sci-Fi,205,Yes,2005,Long (120-150)
Fast & Furious 3,2006,125,Superhero,206,Yes,2005,Long (120-150)
The Silent Shadow,2006,86,Comedy,127,No,2005,Short (<100)
Star Wars 2,2006,115,Sci-Fi,112,Yes,2005,Medium (100-120)
The Golden Light,2006,116,Horror,128,No,2005,Medium (100-120)
Avengers 3,2006,121,Action,147,Yes,2005,Long (120-150)
The Golden Fire,2006,133,Action,144,No,2005,Long (120-150)
Jurassic World 1,2006,118,Action,298,Yes,2005,Medium (100-120)
Batman 1,2006,117,Superhero,183,Yes,2005,Medium (100-120)
The Hidden Shadow,2006,97,Sci-Fi,93,No,2005,Short (<100)
Avengers 4,2006,133,Superhero,205,Yes,2005,Long (120-150)
The Final Fall,2006,137,Horror,194,No,2005,Long (120-150)
The Iron Horizon,2006,103,Comedy,116,No,2005,Medium (100-120)
The Silent Dawn,2006,86,Sci-Fi,75,No,2005,Short (<100)
Spider-Man 1,2006,114,Action,196,Yes,2005,Medium (100-120)
The First Fire,2006,122,Superhero,136,No,2005,Long (120-150)
The Silent Fall,2006,122,Action,182,No,2005,Long (120-150)
The Lost Rise,2006,88,Action,50,No,2005,Short (<100)
Jurassic World 2,2006,123,Action,146,Yes,2005,Long (120-150)
The Hidden Rise,2006,144,Superhero,208,No,2005,Long (120-150)
Avengers 5,2006,112,Superhero,200,Yes,2005,Medium (100-120)
The Iron Edge,2006,96,Sci-Fi,80,No,2005,Short (<100)
Spider-Man 4,2006,100,Sci-Fi,73,Yes,2005,Short (<100)
Avengers 4,2006,102,Superhero,122,Yes,2005,Medium (100-120)
The Lost Night,2006,90,Superhero,171,No,2005,Short (<100)
The Final Fire,2006,130,Comedy,137,No,2005,Long (120-150)
The Dark Dawn,2006,100,Drama,171,No,2005,Short (<100)
The Dark Storm,2006,115,Sci-Fi,225,No,2005,Medium (100-120)
The Final Fire,2006,103,Superhero,137,No,2005,Medium (100-120)
Avengers 3,2006,112,Superhero,90,Yes,2005,Medium (100-120)
The Silent Edge,2006,109,Superhero,96,No,2005,Medium (100-120)
The Silent Horizon,2006,140,Superhero,267,No,2005,Long (120-150)
The Dark Fire,2006,119,Comedy,206,No,2005,Medium (100-120)
The Broken Night,2006,113,Comedy,128,No,2005,Medium (100-120)
The Lost Storm,2006,113,Horror,50,No,2005,Medium (100-120)
Star Wars 3,2006,131,Sci-Fi,194,Yes,2005,Long (120-150)
The Dark Light,2006,115,Sci-Fi,128,No,2005,Medium (100-120)
Jurassic World 3,2006,103,Sci-Fi,151,Yes,2005,Medium (100-120)
The First Edge,2007,118,Action,90,No,2005,Medium (100-120)
The Lost Storm,2007,89,Sci-Fi,103,No,2005,Short (<100)
Spider-Man 2,2007,121,Action,90,Yes,2005,Long (120-150)
Jurassic World 2,2007,121,Superhero,144,Yes,2005,Long (120-150)
The Golden Horizon,2007,122,Action,112,No,2005,Long (120-150)
The Hidden Edge,2007,145,Superhero,174,No,2005,Long (120-150)
The Iron Edge,2007,116,Superhero,92,No,2005,Medium (100-120)
The Silent Fall,2007,92,Action,50,No,2005,Short (<100)
The Iron Fire,2007,94,Comedy,55,No,2005,Short (<100)
The Silver Horizon,2007,104,Comedy,50,No,2005,Medium (100-120)
The Silent Light,2007,145,Action,240,No,2005,Long (120-150)
The Iron Rise,2007,120,Comedy,125,No,2005,Medium (100-120)
Batman 5,2007,127,Action,144,Yes,2005,Long (120-150)
Jurassic World 4,2007,130,Action,167,Yes,2005,Long (120-150)
The Golden Night,2007,117,Drama,144,No,2005,Medium (100-120)
The Lost Dawn,2007,101,Drama,51,No,2005,Medium (100-120)
Spider-Man 1,2007,141,Superhero,195,Yes,2005,Long (120-150)
Jurassic World 3,2007,121,Sci-Fi,165,Yes,2005,Long (120-150)
Transformers 2,2007,142,Action,283,Yes,2005,Long (120-150)
The Hidden Horizon,2007,108,Superhero,64,No,2005,Medium (100-120)
The Dark Dawn,2007,115,Action,99,No,2005,Medium (100-120)
Batman 3,2007,124,Action,165,Yes,2005,Long (120-150)
The Silver Dawn,2007,102,Sci-Fi,82,No,2005,Medium (100-120)
Batman 3,2007,130,Action,172,Yes,2005,Long (120-150)
The Silent Edge,2007,136,Drama,152,No,2005,Long (120-150)
The Dark Fire,2007,139,Action,99,No,2005,Long (120-150)
The Broken Storm,2007,123,Drama,150,No,2005,Long (120-150)
The First Night,2007,128,Comedy,111,No,2005,Long (120-150)
Mission Impossible 5,2007,140,Sci-Fi,178,Yes,2005,Long (120-150)
The Silver Horizon,2007,124,Action,184,No,2005,Long (120-150)
Jurassic World 2,2007,127,Action,170,Yes,2005,Long (120-150)
The Hidden Edge,2007,110,Sci-Fi,245,No,2005,Medium (100-120)
The Hidden Storm,2007,110,Horror,113,No,2005,Medium (100-120)
The Final Light,2007,83,Comedy,140,No,2005,Short (<100)
The Iron Edge,2007,146,Horror,198,No,2005,Long (120-150)
The Hidden Light,2007,128,Comedy,189,No,2005,Long (120-150)
Batman 5,2007,116,Action,107,Yes,2005,Medium (100-120)
The Dark Night,2007,148,Sci-Fi,222,No,2005,Long (120-150)
Fast & Furious 1,2007,129,Sci-Fi,126,Yes,2005,Long (120-150)
Spider-Man 1,2007,107,Superhero,50,Yes,2005,Medium (100-120)
The Lost Night,2007,109,Superhero,52,No,2005,Medium (100-120)
Avengers 1,2007,115,Action,175,Yes,2005,Medium (100-120)
Avengers 1,2007,115,Superhero,121,Yes,2005,Medium (100-120)
The Dark Fire,2007,130,Superhero,143,No,2005,Long (120-150)
Fast & Furious 1,2007,122,Sci-Fi,116,Yes,2005,Long (120-150)
Jurassic World 3,2007,136,Sci-Fi,50,Yes,2005,Long (120-150)
The First Shadow,2007,104,Sci-Fi,89,No,2005,Medium (100-120)
Batman 2,2007,131,Sci-Fi,95,Yes,2005,Long (120-150)
Spider-Man 2,2007,120,Sci-Fi,191,Yes,2005,Medium (100-120)
Mission Impossible 3,2007,148,Action,203,Yes,2005,Long (120-150)
The Lost Horizon,2008,135,Drama,192,No,2005,Long (120-150)
Jurassic World 3,2008,121,Action,89,Yes,2005,Long (120-150)
Star Wars 1,2008,127,Sci-Fi,91,Yes,2005,Long (120-150)
The Final Light,2008,125,Drama,124,No,2005,Long (120-150)
The Hidden Dawn,2008,127,Action,120,No,2005,Long (120-150)
The Lost Light,2008,112,Drama,75,No,2005,Medium (100-120)
The Dark Storm,2008,142,Action,217,No,2005,Long (120-150)
Batman 4,2008,135,Superhero,227,Yes,2005,Long (120-150)
The Iron Light,2008,98,Sci-Fi,95,No,2005,Short (<100)
The Iron Fire,2008,96,Drama,50,No,2005,Short (<100)
The Silver Dawn,2008,82,Comedy,50,No,2005,Short (<100)
The Silent Night,2008,104,Horror,117,No,2005,Medium (100-120)
The Final Edge,2008,122,Drama,137,No,2005,Long (120-150)
Batman 2,2008,129,Action,152,Yes,2005,Long (120-150)
The Iron Light,2008,91,Horror,89,No,2005,Short (<100)
Jurassic World 3,2008,107,Superhero,163,Yes,2005,Medium (100-120)
Avengers 1,2008,141,Sci-Fi,146,Yes,2005,Long (120-150)
The Lost Shadow,2008,105,Drama,77,No,2005,Medium (100-120)
The Dark Fall,2008,113,Horror,223,No,2005,Medium (100-120)
The Golden Shadow,2008,122,Sci-Fi,174,No,2005,Long (120-150)
The First Edge,2008,108,Drama,50,No,2005,Medium (100-120)
The Iron Fall,2008,91,Superhero,212,No,2005,Short (<100)
Mission Impossible 1,2008,122,Sci-Fi,136,Yes,2005,Long (120-150)
The Hidden Fire,2008,130,Action,50,No,2005,Long (120-150)
The Golden Shadow,2008,97,Drama,231,No,2005,Short (<100)
The Golden Fall,2008,106,Action,118,No,2005,Medium (100-120)
The First Rise,2008,112,Sci-Fi,209,No,2005,Medium (100-120)
The Silent Fire,2008,113,Drama,125,No,2005,Medium (100-120)
The Silent Shadow,2008,109,Horror,90,No,2005,Medium (100-120)
The Iron Rise,2008,114,Action,50,No,2005,Medium (100-120)
Batman 5,2008,111,Action,76,Yes,2005,Medium (100-120)
Avengers 1,2008,122,Action,99,Yes,2005,Long (120-150)
The Final Dawn,2008,107,Superhero,72,No,2005,Medium (100-120)
The Silent Rise,2008,108,Horror,118,No,2005,Medium (100-120)
The First Dawn,2008,108,Action,90,No,2005,Medium (100-120)
Batman 5,2008,138,Sci-Fi,147,Yes,2005,Long (120-150)
Transformers 3,2008,117,Sci-Fi,98,Yes,2005,Medium (100-120)
The Final Storm,2008,80,Drama,50,No,2005,Short (<100)
Avengers 3,2008,129,Sci-Fi,212,Yes,2005,Long (120-150)
Transformers 4,2008,110,Superhero,83,Yes,2005,Medium (100-120)
The First Dawn,2008,120,Sci-Fi,86,No,2005,Medium (100-120)
The Silent Edge,2008,110,Drama,171,No,2005,Medium (100-120)
The Golden Edge,2008,120,Sci-Fi,232,No,2005,Medium (100-120)
The Golden Shadow,2008,104,Drama,135,No,2005,Medium (100-120)
The Silver Rise,2008,96,Sci-Fi,121,No,2005,Short (<100)
The Iron Rise,2008,104,Superhero,66,No,2005,Medium (100-120)
The Silent Light,2008,133,Horror,183,No,2005,Long (120-150)
Transformers 5,2008,126,Sci-Fi,154,Yes,2005,Long (120-150)
Spider-Man 5,2008,121,Superhero,152,Yes,2005,Long (120-150)
The Silent Dawn,2008,103,Drama,115,No,2005,Medium (100-120)
Spider-Man 1,2009,107,Sci-Fi,162,Yes,2005,Medium (100-120)
Star Wars 5,2009,146,Sci-Fi,155,Yes,2005,Long (120-150)
Fast & Furious 3,2009,121,Superhero,198,Yes,2005,Long (120-150)
Mission Impossible 2,2009,124,Superhero,86,Yes,2005,Long (120-150)
Avengers 5,2009,115,Action,165,Yes,2005,Medium (100-120)
The First Shadow,2009,119,Sci-Fi,133,No,2005,Medium (100-120)
The First Shadow,2009,123,Comedy,135,No,2005,Long (120-150)
Transformers 1,2009,113,Superhero,198,Yes,2005,Medium (100-120)
The Golden Rise,2009,115,Drama,152,No,2005,Medium (100-120)
The Hidden Fire,2009,95,Sci-Fi,106,No,2005,Short (<100)
The Iron Shadow,2009,107,Superhero,50,No,2005,Medium (100-120)
Avengers 4,2009,129,Action,79,Yes,2005,Long (120-150)
Jurassic World 5,2009,134,Action,135,Yes,2005,Long (120-150)
The Golden Dawn,2009,107,Superhero,79,No,2005,Medium (100-120)
The First Rise,2009,115,Drama,153,No,2005,Medium (100-120)
The Golden Rise,2009,109,Superhero,60,No,2005,Medium (100-120)
Avengers 2,2009,126,Superhero,112,Yes,2005,Long (120-150)
Fast & Furious 4,2009,112,Superhero,68,Yes,2005,Medium (100-120)
Star Wars 2,2009,129,Action,164,Yes,2005,Long (120-150)
The Silver Night,2009,132,Action,240,No,2005,Long (120-150)
The Golden Edge,2009,123,Superhero,177,No,2005,Long (120-150)
The Broken Light,2009,142,Superhero,242,No,2005,Long (120-150)
The Lost Rise,2009,106,Comedy,51,No,2005,Medium (100-120)
Mission Impossible 4,2009,115,Superhero,103,Yes,2005,Medium (100-120)
The Lost Storm,2009,117,Drama,50,No,2005,Medium (100-120)
The Iron Shadow,2009,102,Action,114,No,2005,Medium (100-120)
The Dark Dawn,2009,123,Horror,189,No,2005,Long (120-150)
The Hidden Edge,2009,124,Action,295,No,2005,Long (120-150)
The Final Storm,2009,126,Comedy,150,No,2005,Long (120-150)
The Broken Fall,2009,90,Comedy,50,No,2005,Short (<100)
The Dark Shadow,2009,102,Superhero,173,No,2005,Medium (100-120)
Spider-Man 2,2009,129,Sci-Fi,143,Yes,2005,Long (120-150)
Spider-Man 5,2009,133,Action,50,Yes,2005,Long (120-150)
The First Horizon,2009,115,Comedy,125,No,2005,Medium (100-120)
The Final Horizon,2009,102,Sci-Fi,121,No,2005,Medium (100-120)
Mission Impossible 3,2009,124,Action,197,Yes,2005,Long (120-150)
The Silver Horizon,2009,142,Horror,121,No,2005,Long (120-150)
The First Light,2009,131,Sci-Fi,81,No,2005,Long (120-150)
The Dark Horizon,2009,102,Superhero,193,No,2005,Medium (100-120)
Fast & Furious 4,2009,125,Sci-Fi,148,Yes,2005,Long (120-150)
The Dark Fire,2009,100,Drama,73,No,2005,Short (<100)
Avengers 3,2009,135,Sci-Fi,187,Yes,2005,Long (120-150)
The Silent Fire,2009,96,Superhero,112,No,2005,Short (<100)
Transformers 2,2009,132,Superhero,111,Yes,2005,Long (120-150)
Transformers 5,2009,136,Action,163,Yes,2005,Long (120-150)
The Broken Fire,2009,112,Comedy,142,No,2005,Medium (100-120)
Star Wars 1,2009,137,Action,233,Yes,2005,Long (120-150)
The Final Dawn,2009,82,Comedy,111,No,2005,Short (<100)
The First Rise,2009,104,Action,118,No,2005,Medium (100-120)
Star Wars 5,2009,135,Superhero,163,Yes,2005,Long (120-150)
Fast & Furious 3,2010,112,Sci-Fi,79,Yes,2010,Medium (100-120)
Avengers 4,2010,139,Action,279,Yes,2010,Long (120-150)
The Dark Horizon,2010,80,Superhero,148,No,2010,Short (<100)
Batman 2,2010,127,Sci-Fi,235,Yes,2010,Long (120-150)
The Silent Night,2010,85,Horror,78,No,2010,Short (<100)
The Broken Night,2010,122,Drama,192,No,2010,Long (120-150)
Mission Impossible 3,2010,124,Superhero,167,Yes,2010,Long (120-150)
Fast & Furious 5,2010,119,Sci-Fi,123,Yes,2010,Medium (100-120)
Spider-Man 3,2010,128,Sci-Fi,194,Yes,2010,Long (120-150)
Jurassic World 2,2010,130,Superhero,156,Yes,2010,Long (120-150)
The Broken Fall,2010,101,Action,127,No,2010,Medium (100-120)
The Iron Edge,2010,109,Superhero,145,No,2010,Medium (100-120)
The Golden Fall,2010,113,Horror,238,No,2010,Medium (100-120)
Avengers 2,2010,122,Superhero,89,Yes,2010,Long (120-150)
The Dark Fall,2010,97,Drama,50,No,2010,Short (<100)
The Broken Fall,2010,118,Comedy,170,No,2010,Medium (100-120)
The Silent Dawn,2010,117,Comedy,97,No,2010,Medium (100-120)
The Final Horizon,2010,101,Drama,55,No,2010,Medium (100-120)
The Iron Rise,2010,131,Superhero,77,No,2010,Long (120-150)
Transformers 3,2010,144,Sci-Fi,234,Yes,2010,Long (120-150)
The Silver Horizon,2010,115,Superhero,190,No,2010,Medium (100-120)
The Broken Light,2010,101,Drama,51,No,2010,Medium (100-120)
Mission Impossible 4,2010,139,Sci-Fi,167,Yes,2010,Long (120-150)
Transformers 5,2010,133,Sci-Fi,88,Yes,2010,Long (120-150)
Star Wars 3,2010,112,Superhero,57,Yes,2010,Medium (100-120)
The Hidden Edge,2010,97,Sci-Fi,102,No,2010,Short (<100)
Mission Impossible 1,2010,124,Sci-Fi,88,Yes,2010,Long (120-150)
The Dark Edge,2010,101,Superhero,50,No,2010,Medium (100-120)
The Golden Edge,2010,128,Sci-Fi,163,No,2010,Long (120-150)
Jurassic World 2,2010,131,Sci-Fi,178,Yes,2010,Long (120-150)
The Hidden Storm,2010,99,Action,50,No,2010,Short (<100)
Batman 1,2010,109,Action,143,Yes,2010,Medium (100-120)
The Hidden Storm,2010,122,Drama,145,No,2010,Long (120-150)
The Final Light,2010,111,Drama,117,No,2010,Medium (100-120)
The Iron Night,2010,104,Superhero,85,No,2010,Medium (100-120)
Fast & Furious 3,2010,132,Action,119,Yes,2010,Long (120-150)
The Iron Rise,2010,99,Action,229,No,2010,Short (<100)
The Dark Night,2010,102,Drama,150,No,2010,Medium (100-120)
Avengers 5,2010,121,Action,132,Yes,2010,Long (120-150)
Spider-Man 5,2010,132,Sci-Fi,166,Yes,2010,Long (120-150)
Jurassic World 4,2010,118,Sci-Fi,128,Yes,2010,Medium (100-120)
Jurassic World 2,2010,117,Action,154,Yes,2010,Medium (100-120)
The Iron Rise,2010,112,Action,107,No,2010,Medium (100-120)
The Silver Shadow,2010,98,Horror,67,No,2010,Short (<100)
The Hidden Fire,2010,99,Horror,60,No,2010,Short (<100)
Spider-Man 4,2010,101,Action,148,Yes,2010,Medium (100-120)
The Lost Fire,2010,80,Sci-Fi,194,No,2010,Short (<100)
Fast & Furious 2,2010,125,Superhero,97,Yes,2010,Long (120-150)
The Broken Fall,2010,116,Sci-Fi,72,No,2010,Medium (100-120)
Star Wars 5,2010,127,Action,182,Yes,2010,Long (120-150)
The Final Light,2011,99,Superhero,75,No,2010,Short (<100)
Spider-Man 4,2011,139,Sci-Fi,204,Yes,2010,Long (120-150)
The Iron Dawn,2011,114,Action,91,No,2010,Medium (100-120)
The Dark Fall,2011,108,Sci-Fi,123,No,2010,Medium (100-120)
The Broken Storm,2011,95,Action,50,No,2010,Short (<100)
The Broken Edge,2011,109,Sci-Fi,130,No,2010,Medium (100-120)
Mission Impossible 3,2011,139,Action,206,Yes,2010,Long (120-150)
Spider-Man 5,2011,121,Superhero,50,Yes,2010,Long (120-150)
The Lost Fire,2011,100,Comedy,159,No,2010,Short (<100)
Jurassic World 2,2011,135,Action,235,Yes,2010,Long (120-150)
Avengers 4,2011,142,Sci-Fi,211,Yes,2010,Long (120-150)
The Silent Fall,2011,100,Comedy,146,No,2010,Short (<100)
The Final Storm,2011,104,Comedy,66,No,2010,Medium (100-120)
Avengers 3,2011,107,Action,162,Yes,2010,Medium (100-120)
Spider-Man 5,2011,128,Action,258,Yes,2010,Long (120-150)
The Iron Fire,2011,104,Comedy,135,No,2010,Medium (100-120)
The Final Edge,2011,115,Horror,209,No,2010,Medium (100-120)
Transformers 3,2011,131,Superhero,76,Yes,2010,Long (120-150)
Fast & Furious 4,2011,123,Sci-Fi,175,Yes,2010,Long (120-150)
The First Dawn,2011,113,Superhero,256,No,2010,Medium (100-120)
The Broken Rise,2011,100,Comedy,123,No,2010,Short (<100)
The Golden Horizon,2011,118,Horror,153,No,2010,Medium (100-120)
Transformers 2,2011,116,Superhero,185,Yes,2010,Medium (100-120)
The Silent Rise,2011,120,Horror,50,No,2010,Medium (100-120)
Star Wars 2,2011,114,Action,72,Yes,2010,Medium (100-120)
Transformers 3,2011,146,Superhero,172,Yes,2010,Long (120-150)
The Final Night,2011,135,Sci-Fi,132,No,2010,Long (120-150)
Jurassic World 4,2011,124,Sci-Fi,88,Yes,2010,Long (120-150)
The Lost Edge,2011,106,Horror,96,No,2010,Medium (100-120)
The Golden Storm,2011,134,Horror,246,No,2010,Long (120-150)
The Dark Shadow,2011,107,Superhero,91,No,2010,Medium (100-120)
The Final Light,2011,80,Horror,100,No,2010,Short (<100)
Avengers 1,2011,128,Sci-Fi,149,Yes,2010,Long (120-150)
The Silver Night,2011,94,Horror,180,No,2010,Short (<100)
The First Fire,2011,138,Action,253,No,2010,Long (120-150)
The Iron Storm,2011,117,Superhero,91,No,2010,Medium (100-120)
The First Horizon,2011,101,Sci-Fi,50,No,2010,Medium (100-120)
The Final Fall,2011,112,Comedy,140,No,2010,Medium (100-120)
Mission Impossible 2,2011,129,Action,165,Yes,2010,Long (120-150)
Jurassic World 4,2011,126,Superhero,102,Yes,2010,Long (120-150)
The Final Edge,2011,108,Horror,105,No,2010,Medium (100-120)
Mission Impossible 4,2011,118,Superhero,50,Yes,2010,Medium (100-120)
Avengers 5,2011,139,Action,279,Yes,2010,Long (120-150)
Batman 2,2011,132,Action,248,Yes,2010,Long (120-150)
The Final Fall,2011,117,Superhero,161,No,2010,Medium (100-120)
The Iron Dawn,2011,121,Comedy,79,No,2010,Long (120-150)
Avengers 3,2011,132,Superhero,157,Yes,2010,Long (120-150)
Avengers 2,2011,122,Action,225,Yes,2010,Long (120-150)
The Dark Horizon,2011,125,Superhero,50,No,2010,Long (120-150)
The Silent Night,2011,118,Comedy,114,No,2010,Medium (100-120)
Star Wars 1,2012,126,Sci-Fi,252,Yes,2010,Long (120-150)
The First Edge,2012,105,Drama,121,No,2010,Medium (100-120)
The Lost Horizon,2012,100,Horror,60,No,2010,Short (<100)
The Hidden Light,2012,88,Sci-Fi,80,No,2010,Short (<100)
The Hidden Rise,2012,133,Action,184,No,2010,Long (120-150)
Avengers 3,2012,131,Sci-Fi,206,Yes,2010,Long (120-150)
Spider-Man 1,2012,122,Sci-Fi,133,Yes,2010,Long (120-150)
Spider-Man 2,2012,127,Superhero,117,Yes,2010,Long (120-150)
Transformers 1,2012,138,Sci-Fi,166,Yes,2010,Long (120-150)
Spider-Man 4,2012,134,Action,112,Yes,2010,Long (120-150)
The Golden Night,2012,104,Sci-Fi,87,No,2010,Medium (100-120)
The Final Light,2012,97,Action,151,No,2010,Short (<100)
The Broken Dawn,2012,127,Horror,225,No,2010,Long (120-150)
The Iron Fire,2012,115,Drama,91,No,2010,Medium (100-120)
The Silver Light,2012,97,Sci-Fi,123,No,2010,Short (<100)
Jurassic World 2,2012,133,Superhero,144,Yes,2010,Long (120-150)
The Silver Dawn,2012,121,Horror,113,No,2010,Long (120-150)
Star Wars 5,2012,124,Superhero,230,Yes,2010,Long (120-150)
The Silent Fall,2012,92,Superhero,184,No,2010,Short (<100)
The Lost Horizon,2012,115,Comedy,90,No,2010,Medium (100-120)
Transformers 4,2012,121,Sci-Fi,167,Yes,2010,Long (120-150)
The Broken Fire,2012,106,Comedy,82,No,2010,Medium (100-120)
The First Dawn,2012,117,Horror,142,No,2010,Medium (100-120)
Avengers 3,2012,139,Action,195,Yes,2010,Long (120-150)
Star Wars 4,2012,120,Sci-Fi,124,Yes,2010,Medium (100-120)
The Hidden Horizon,2012,106,Action,133,No,2010,Medium (100-120)
Batman 3,2012,137,Action,204,Yes,2010,Long (120-150)
The Silver Fire,2012,142,Horror,210,No,2010,Long (120-150)
Jurassic World 5,2012,121,Action,146,Yes,2010,Long (120-150)
Transformers 4,2012,138,Action,95,Yes,2010,Long (120-150)
Jurassic World 1,2012,134,Sci-Fi,212,Yes,2010,Long (120-150)
The Broken Horizon,2012,101,Drama,50,No,2010,Medium (100-120)
The Silent Dawn,2012,98,Horror,97,No,2010,Short (<100)
Spider-Man 1,2012,132,Action,249,Yes,2010,Long (120-150)
The Silent Edge,2012,102,Superhero,116,No,2010,Medium (100-120)
The Silver Shadow,2012,107,Sci-Fi,161,No,2010,Medium (100-120)
The Hidden Rise,2012,94,Horror,127,No,2010,Short (<100)
Jurassic World 4,2012,152,Superhero,195,Yes,2010,Very Long (150+)
The Broken Rise,2012,144,Superhero,193,No,2010,Long (120-150)
The Silent Horizon,2012,111,Drama,98,No,2010,Medium (100-120)
Spider-Man 2,2012,116,Sci-Fi,127,Yes,2010,Medium (100-120)
Transformers 1,2012,128,Action,156,Yes,2010,Long (120-150)
Batman 4,2012,127,Superhero,116,Yes,2010,Long (120-150)
The Iron Night,2012,107,Sci-Fi,147,No,2010,Medium (100-120)
Avengers 5,2012,131,Superhero,53,Yes,2010,Long (120-150)
The Lost Horizon,2012,132,Sci-Fi,128,No,2010,Long (120-150)
The Dark Fall,2012,112,Comedy,93,No,2010,Medium (100-120)
Spider-Man 1,2012,108,Action,80,Yes,2010,Medium (100-120)
The Hidden Horizon,2012,117,Sci-Fi,125,No,2010,Medium (100-120)
The Silent Shadow,2012,108,Comedy,116,No,2010,Medium (100-120)
Avengers 1,2013,128,Sci-Fi,140,Yes,2010,Long (120-150)
The First Shadow,2013,92,Action,89,No,2010,Short (<100)
The Lost Horizon,2013,107,Sci-Fi,75,No,2010,Medium (100-120)
Avengers 1,2013,140,Superhero,244,Yes,2010,Long (120-150)
The Silent Light,2013,92,Sci-Fi,129,No,2010,Short (<100)
The Silent Shadow,2013,142,Action,115,No,2010,Long (120-150)
The Golden Fall,2013,105,Horror,106,No,2010,Medium (100-120)
The Broken Storm,2013,106,Horror,51,No,2010,Medium (100-120)
Avengers 1,2013,130,Sci-Fi,181,Yes,2010,Long (120-150)
Batman 3,2013,144,Sci-Fi,163,Yes,2010,Long (120-150)
Transformers 5,2013,144,Sci-Fi,193,Yes,2010,Long (120-150)
The Hidden Horizon,2013,109,Drama,60,No,2010,Medium (100-120)
The Hidden Fall,2013,93,Comedy,67,No,2010,Short (<100)
Fast & Furious 5,2013,137,Action,159,Yes,2010,Long (120-150)
The Final Shadow,2013,113,Horror,171,No,2010,Medium (100-120)
The Hidden Horizon,2013,86,Horror,50,No,2010,Short (<100)
The Silver Horizon,2013,90,Sci-Fi,86,No,2010,Short (<100)
The Lost Shadow,2013,94,Drama,50,No,2010,Short (<100)
Fast & Furious 4,2013,138,Sci-Fi,150,Yes,2010,Long (120-150)
Mission Impossible 5,2013,152,Sci-Fi,158,Yes,2010,Very Long (150+)
The Dark Shadow,2013,114,Action,172,No,2010,Medium (100-120)
The Lost Dawn,2013,99,Sci-Fi,120,No,2010,Short (<100)
The Hidden Night,2013,113,Sci-Fi,149,No,2010,Medium (100-120)
The First Dawn,2013,114,Sci-Fi,209,No,2010,Medium (100-120)
The Hidden Rise,2013,108,Horror,57,No,2010,Medium (100-120)
The First Fire,2013,88,Action,50,No,2010,Short (<100)
The Broken Rise,2013,130,Sci-Fi,118,No,2010,Long (120-150)
The Silent Shadow,2013,132,Sci-Fi,248,No,2010,Long (120-150)
The Silver Edge,2013,107,Action,170,No,2010,Medium (100-120)
Transformers 3,2013,120,Action,97,Yes,2010,Medium (100-120)
The Broken Storm,2013,139,Drama,165,No,2010,Long (120-150)
The Iron Fall,2013,131,Horror,227,No,2010,Long (120-150)
The Golden Shadow,2013,124,Superhero,173,No,2010,Long (120-150)
Avengers 4,2013,137,Action,209,Yes,2010,Long (120-150)
The Final Rise,2013,118,Comedy,158,No,2010,Medium (100-120)
Mission Impossible 1,2013,122,Sci-Fi,192,Yes,2010,Long (120-150)
Batman 3,2013,153,Sci-Fi,245,Yes,2010,Very Long (150+)
The Lost Night,2013,103,Comedy,95,No,2010,Medium (100-120)
The First Storm,2013,107,Horror,78,No,2010,Medium (100-120)
The Lost Edge,2013,98,Drama,72,No,2010,Short (<100)
Mission Impossible 5,2013,133,Action,226,Yes,2010,Long (120-150)
Batman 5,2013,146,Action,168,Yes,2010,Long (120-150)
The Iron Fall,2013,113,Horror,190,No,2010,Medium (100-120)
The Silent Light,2013,93,Superhero,50,No,2010,Short (<100)
The Broken Edge,2013,109,Superhero,50,No,2010,Medium (100-120)
The Golden Storm,2013,95,Action,136,No,2010,Short (<100)
Mission Impossible 1,2013,125,Action,150,Yes,2010,Long (120-150)
The Broken Edge,2013,122,Sci-Fi,100,No,2010,Long (120-150)
The Silver Horizon,2013,112,Comedy,71,No,2010,Medium (100-120)
Spider-Man 2,2013,130,Superhero,207,Yes,2010,Long (120-150)
Spider-Man 3,2014,136,Sci-Fi,142,Yes,2010,Long (120-150)
Batman 1,2014,138,Sci-Fi,135,Yes,2010,Long (120-150)
The Dark Light,2014,94,Sci-Fi,140,No,2010,Short (<100)
The Lost Dawn,2014,107,Horror,91,No,2010,Medium (100-120)
The Lost Storm,2014,129,Action,189,No,2010,Long (120-150)
Avengers 5,2014,145,Superhero,173,Yes,2010,Long (120-150)
Avengers 3,2014,141,Superhero,247,Yes,2010,Long (120-150)
The Silent Rise,2014,115,Comedy,84,No,2010,Medium (100-120)
The First Dawn,2014,104,Action,206,No,2010,Medium (100-120)
The Lost Rise,2014,117,Sci-Fi,163,No,2010,Medium (100-120)
Fast & Furious 2,2014,131,Sci-Fi,112,Yes,2010,Long (120-150)
The Dark Night,2014,123,Action,98,No,2010,Long (120-150)
The Iron Night,2014,105,Action,188,No,2010,Medium (100-120)
The Iron Night,2014,106,Superhero,121,No,2010,Medium (100-120)
The Final Rise,2014,111,Horror,199,No,2010,Medium (100-120)
The Final Light,2014,125,Drama,156,No,2010,Long (120-150)
Batman 1,2014,117,Action,173,Yes,2010,Medium (100-120)
Transformers 3,2014,136,Sci-Fi,179,Yes,2010,Long (120-150)
The Broken Fall,2014,112,Sci-Fi,125,No,2010,Medium (100-120)
The Hidden Storm,2014,122,Superhero,243,No,2010,Long (120-150)
Batman 2,2014,129,Sci-Fi,142,Yes,2010,Long (120-150)
The Lost Dawn,2014,123,Horror,149,No,2010,Long (120-150)
The Dark Horizon,2014,107,Superhero,134,No,2010,Medium (100-120)
The Silver Storm,2014,116,Horror,141,No,2010,Medium (100-120)
The Golden Night,2014,84,Comedy,50,No,2010,Short (<100)
Fast & Furious 2,2014,128,Action,167,Yes,2010,Long (120-150)
The Silent Fall,2014,107,Drama,50,No,2010,Medium (100-120)
Fast & Furious 4,2014,136,Action,206,Yes,2010,Long (120-150)
The Silent Night,2014,114,Horror,87,No,2010,Medium (100-120)
The Iron Rise,2014,106,Comedy,50,No,2010,Medium (100-120)
The Broken Night,2014,112,Horror,126,No,2010,Medium (100-120)
The Silent Horizon,2014,110,Comedy,148,No,2010,Medium (100-120)
The Golden Fall,2014,137,Superhero,164,No,2010,Long (120-150)
The Broken Horizon,2014,113,Superhero,65,No,2010,Medium (100-120)
The Silver Dawn,2014,91,Horror,112,No,2010,Short (<100)
Mission Impossible 3,2014,125,Sci-Fi,109,Yes,2010,Long (120-150)
The Iron Light,2014,98,Drama,50,No,2010,Short (<100)
The Dark Rise,2014,100,Horror,166,No,2010,Short (<100)
Jurassic World 3,2014,132,Action,130,Yes,2010,Long (120-150)
The Hidden Light,2014,82,Action,144,No,2010,Short (<100)
Star Wars 2,2014,118,Action,137,Yes,2010,Medium (100-120)
Avengers 2,2014,122,Sci-Fi,179,Yes,2010,Long (120-150)
The Golden Shadow,2014,82,Drama,50,No,2010,Short (<100)
Spider-Man 2,2014,131,Superhero,208,Yes,2010,Long (120-150)
The Silent Light,2014,100,Drama,60,No,2010,Short (<100)
The Silver Light,2014,120,Action,121,No,2010,Medium (100-120)
The Golden Edge,2014,100,Horror,160,No,2010,Short (<100)
Avengers 1,2014,115,Sci-Fi,145,Yes,2010,Medium (100-120)
Jurassic World 5,2014,140,Action,52,Yes,2010,Long (120-150)
The Broken Fire,2014,93,Drama,50,No,2010,Short (<100)
The First Light,2015,128,Sci-Fi,197,No,2015,Long (120-150)
The Iron Storm,2015,97,Action,50,No,2015,Short (<100)
Batman 4,2015,149,Sci-Fi,111,Yes,2015,Long (120-150)
Mission Impossible 2,2015,126,Superhero,178,Yes,2015,Long (120-150)
The Iron Night,2015,119,Horror,62,No,2015,Medium (100-120)
The Final Dawn,2015,110,Action,72,No,2015,Medium (100-120)
Avengers 1,2015,122,Action,134,Yes,2015,Long (120-150)
Jurassic World 1,2015,130,Action,207,Yes,2015,Long (120-150)
Avengers 5,2015,141,Action,126,Yes,2015,Long (120-150)
Avengers 4,2015,127,Sci-Fi,247,Yes,2015,Long (120-150)
Star Wars 4,2015,141,Action,224,Yes,2015,Long (120-150)
Spider-Man 3,2015,134,Action,190,Yes,2015,Long (120-150)
The Lost Night,2015,117,Drama,136,No,2015,Medium (100-120)
The Final Night,2015,116,Action,116,No,2015,Medium (100-120)
Spider-Man 4,2015,141,Sci-Fi,162,Yes,2015,Long (120-150)
The Broken Edge,2015,110,Horror,125,No,2015,Medium (100-120)
The Dark Horizon,2015,109,Sci-Fi,106,No,2015,Medium (100-120)
Avengers 1,2015,145,Sci-Fi,180,Yes,2015,Long (120-150)
Avengers 2,2015,153,Action,173,Yes,2015,Very Long (150+)
Mission Impossible 4,2015,129,Superhero,175,Yes,2015,Long (120-150)
The Golden Light,2015,95,Comedy,50,No,2015,Short (<100)
The Golden Fall,2015,116,Comedy,129,No,2015,Medium (100-120)
The Final Rise,2015,123,Action,197,No,2015,Long (120-150)
Avengers 4,2015,136,Sci-Fi,136,Yes,2015,Long (120-150)
The Silent Edge,2015,113,Drama,129,No,2015,Medium (100-120)
The First Light,2015,101,Horror,88,No,2015,Medium (100-120)
The Lost Storm,2015,127,Superhero,204,No,2015,Long (120-150)
Spider-Man 3,2015,145,Superhero,203,Yes,2015,Long (120-150)
Star Wars 5,2015,132,Sci-Fi,177,Yes,2015,Long (120-150)
The Silver Horizon,2015,110,Action,107,No,2015,Medium (100-120)
The Lost Horizon,2015,120,Superhero,95,No,2015,Medium (100-120)
Transformers 1,2015,151,Action,201,Yes,2015,Very Long (150+)
The Final Rise,2015,85,Sci-Fi,50,No,2015,Short (<100)
The Iron Shadow,2015,136,Action,241,No,2015,Long (120-150)
The Silent Light,2015,118,Sci-Fi,79,No,2015,Medium (100-120)
The Hidden Horizon,2015,99,Comedy,54,No,2015,Short (<100)
Fast & Furious 2,2015,141,Sci-Fi,256,Yes,2015,Long (120-150)
Transformers 2,2015,132,Sci-Fi,208,Yes,2015,Long (120-150)
Transformers 3,2015,149,Superhero,232,Yes,2015,Long (120-150)
The Lost Fall,2015,89,Drama,61,No,2015,Short (<100)
The Dark Horizon,2015,114,Drama,164,No,2015,Medium (100-120)
The Iron Night,2015,85,Horror,50,No,2015,Short (<100)
Mission Impossible 4,2015,135,Superhero,50,Yes,2015,Long (120-150)
The Hidden Night,2015,99,Superhero,98,No,2015,Short (<100)
Spider-Man 1,2015,130,Sci-Fi,232,Yes,2015,Long (120-150)
Jurassic World 5,2015,140,Superhero,128,Yes,2015,Long (120-150)
The Hidden Shadow,2015,105,Horror,79,No,2015,Medium (100-120)
The Golden Fall,2015,80,Comedy,86,No,2015,Short (<100)
The Silver Fire,2015,119,Sci-Fi,109,No,2015,Medium (100-120)
Star Wars 1,2015,142,Superhero,184,Yes,2015,Long (120-150)
Avengers 3,2016,131,Sci-Fi,213,Yes,2015,Long (120-150)
The Broken Horizon,2016,102,Superhero,50,No,2015,Medium (100-120)
The First Rise,2016,117,Sci-Fi,87,No,2015,Medium (100-120)
The Hidden Fire,2016,133,Sci-Fi,142,No,2015,Long (120-150)
The First Storm,2016,115,Superhero,50,No,2015,Medium (100-120)
Batman 2,2016,147,Action,285,Yes,2015,Long (120-150)
Batman 3,2016,148,Sci-Fi,156,Yes,2015,Long (120-150)
The Silver Horizon,2016,130,Comedy,50,No,2015,Long (120-150)
The Iron Horizon,2016,100,Sci-Fi,50,No,2015,Short (<100)
The Silent Horizon,2016,121,Comedy,141,No,2015,Long (120-150)
The Final Fall,2016,108,Action,124,No,2015,Medium (100-120)
The Dark Horizon,2016,125,Drama,166,No,2015,Long (120-150)
The Final Fall,2016,114,Action,215,No,2015,Medium (100-120)
The First Rise,2016,80,Action,50,No,2015,Short (<100)
The Lost Shadow,2016,97,Superhero,90,No,2015,Short (<100)
The Silent Shadow,2016,96,Superhero,58,No,2015,Short (<100)
The Silver Edge,2016,100,Comedy,110,No,2015,Short (<100)
The First Light,2016,93,Superhero,51,No,2015,Short (<100)
The Golden Fire,2016,100,Horror,50,No,2015,Short (<100)
Mission Impossible 3,2016,134,Superhero,200,Yes,2015,Long (120-150)
The Silver Storm,2016,114,Action,203,No,2015,Medium (100-120)
The Silver Fall,2016,128,Superhero,293,No,2015,Long (120-150)
The Iron Light,2016,116,Horror,88,No,2015,Medium (100-120)
The Broken Rise,2016,92,Comedy,50,No,2015,Short (<100)
The Broken Shadow,2016,132,Comedy,146,No,2015,Long (120-150)
The First Fall,2016,98,Drama,50,No,2015,Short (<100)
Transformers 3,2016,140,Superhero,118,Yes,2015,Long (120-150)
The Iron Horizon,2016,94,Drama,100,No,2015,Short (<100)
The Silent Horizon,2016,123,Drama,91,No,2015,Long (120-150)
The Dark Dawn,2016,94,Horror,123,No,2015,Short (<100)
The Iron Fire,2016,119,Superhero,164,No,2015,Medium (100-120)
The Iron Dawn,2016,100,Action,122,No,2015,Short (<100)
The First Night,2016,124,Sci-Fi,137,No,2015,Long (120-150)
The Silent Night,2016,89,Sci-Fi,61,No,2015,Short (<100)
The First Storm,2016,102,Superhero,136,No,2015,Medium (100-120)
The First Light,2016,119,Drama,190,No,2015,Medium (100-120)
The Lost Horizon,2016,105,Superhero,164,No,2015,Medium (100-120)
Transformers 5,2016,142,Superhero,250,Yes,2015,Long (120-150)
Mission Impossible 3,2016,118,Action,59,Yes,2015,Medium (100-120)
Fast & Furious 3,2016,154,Action,183,Yes,2015,Very Long (150+)
Batman 3,2016,134,Sci-Fi,196,Yes,2015,Long (120-150)
Batman 5,2016,142,Sci-Fi,228,Yes,2015,Long (120-150)
Batman 5,2016,148,Action,254,Yes,2015,Long (120-150)
The Final Dawn,2016,112,Action,99,No,2015,Medium (100-120)
The Iron Night,2016,116,Horror,80,No,2015,Medium (100-120)
The Golden Night,2016,139,Sci-Fi,151,No,2015,Long (120-150)
The Silent Light,2016,107,Superhero,50,No,2015,Medium (100-120)
The First Shadow,2016,116,Sci-Fi,138,No,2015,Medium (100-120)
Fast & Furious 1,2016,140,Sci-Fi,169,Yes,2015,Long (120-150)
The Golden Night,2016,104,Comedy,116,No,2015,Medium (100-120)
Transformers 4,2017,126,Superhero,183,Yes,2015,Long (120-150)
The Final Fire,2017,123,Drama,114,No,2015,Long (120-150)
Fast & Furious 2,2017,146,Sci-Fi,272,Yes,2015,Long (120-150)
The Final Light,2017,97,Horror,50,No,2015,Short (<100)
The Iron Shadow,2017,131,Horror,174,No,2015,Long (120-150)
Batman 4,2017,136,Sci-Fi,133,Yes,2015,Long (120-150)
The Silver Edge,2017,103,Sci-Fi,81,No,2015,Medium (100-120)
Spider-Man 2,2017,130,Sci-Fi,95,Yes,2015,Long (120-150)
Fast & Furious 2,2017,134,Action,184,Yes,2015,Long (120-150)
The Golden Fire,2017,122,Superhero,219,No,2015,Long (120-150)
Jurassic World 2,2017,126,Sci-Fi,152,Yes,2015,Long (120-150)
Jurassic World 1,2017,141,Action,180,Yes,2015,Long (120-150)
The Final Edge,2017,92,Action,58,No,2015,Short (<100)
The Lost Edge,2017,93,Sci-Fi,115,No,2015,Short (<100)
The Silver Edge,2017,92,Comedy,59,No,2015,Short (<100)
The Silver Night,2017,103,Drama,157,No,2015,Medium (100-120)
The Broken Fire,2017,133,Superhero,152,No,2015,Long (120-150)
The Dark Horizon,2017,113,Action,63,No,2015,Medium (100-120)
The First Light,2017,96,Superhero,140,No,2015,Short (<100)
The Final Shadow,2017,100,Comedy,73,No,2015,Short (<100)
The First Edge,2017,80,Superhero,106,No,2015,Short (<100)
Batman 2,2017,130,Sci-Fi,148,Yes,2015,Long (120-150)
The Final Light,2017,93,Superhero,120,No,2015,Short (<100)
The Hidden Fire,2017,132,Sci-Fi,190,No,2015,Long (120-150)
The Silent Horizon,2017,130,Superhero,194,No,2015,Long (120-150)
Avengers 5,2017,137,Superhero,128,Yes,2015,Long (120-150)
Jurassic World 3,2017,140,Sci-Fi,170,Yes,2015,Long (120-150)
The Silver Fire,2017,80,Action,50,No,2015,Short (<100)
The Silent Storm,2017,101,Drama,50,No,2015,Medium (100-120)
The Silver Light,2017,117,Horror,330,No,2015,Medium (100-120)
Avengers 4,2017,144,Action,225,Yes,2015,Long (120-150)
Spider-Man 1,2017,139,Action,182,Yes,2015,Long (120-150)
The Dark Edge,2017,138,Action,219,No,2015,Long (120-150)
Fast & Furious 5,2017,145,Action,195,Yes,2015,Long (120-150)
Fast & Furious 5,2017,138,Superhero,240,Yes,2015,Long (120-150)
Batman 1,2017,125,Action,99,Yes,2015,Long (120-150)
The Dark Night,2017,92,Comedy,141,No,2015,Short (<100)
The Final Shadow,2017,80,Action,64,No,2015,Short (<100)
Star Wars 5,2017,146,Superhero,265,Yes,2015,Long (120-150)
Batman 3,2017,138,Superhero,187,Yes,2015,Long (120-150)
The Silent Light,2017,102,Horror,82,No,2015,Medium (100-120)
Mission Impossible 5,2017,138,Action,50,Yes,2015,Long (120-150)
The Iron Rise,2017,122,Comedy,184,No,2015,Long (120-150)
Transformers 5,2017,136,Superhero,245,Yes,2015,Long (120-150)
Mission Impossible 2,2017,134,Superhero,215,Yes,2015,Long (120-150)
Transformers 1,2017,154,Superhero,186,Yes,2015,Very Long (150+)
The Hidden Horizon,2017,103,Sci-Fi,126,No,2015,Medium (100-120)
The First Fall,2017,121,Superhero,60,No,2015,Long (120-150)
The Golden Rise,2017,85,Drama,50,No,2015,Short (<100)
Mission Impossible 4,2017,128,Superhero,165,Yes,2015,Long (120-150)
The Lost Edge,2018,85,Action,50,No,2015,Short (<100)
Batman 5,2018,137,Action,182,Yes,2015,Long (120-150)
Batman 5,2018,125,Superhero,172,Yes,2015,Long (120-150)
The Golden Shadow,2018,116,Horror,236,No,2015,Medium (100-120)
The Golden Night,2018,130,Comedy,142,No,2015,Long (120-150)
The Silent Fire,2018,87,Sci-Fi,80,No,2015,Short (<100)
The Dark Rise,2018,82,Sci-Fi,115,No,2015,Short (<100)
The First Night,2018,112,Superhero,133,No,2015,Medium (100-120)
The Dark Night,2018,87,Superhero,50,No,2015,Short (<100)
The Golden Night,2018,121,Sci-Fi,176,No,2015,Long (120-150)
Spider-Man 5,2018,141,Sci-Fi,204,Yes,2015,Long (120-150)
Fast & Furious 2,2018,128,Sci-Fi,140,Yes,2015,Long (120-150)
The Dark Rise,2018,104,Horror,116,No,2015,Medium (100-120)
Batman 3,2018,140,Sci-Fi,171,Yes,2015,Long (120-150)
Batman 2,2018,143,Sci-Fi,207,Yes,2015,Long (120-150)
Batman 2,2018,136,Sci-Fi,132,Yes,2015,Long (120-150)
The Final Light,2018,103,Superhero,108,No,2015,Medium (100-120)
Star Wars 4,2018,158,Action,224,Yes,2015,Very Long (150+)
Mission Impossible 3,2018,130,Superhero,104,Yes,2015,Long (120-150)
Spider-Man 3,2018,124,Action,98,Yes,2015,Long (120-150)
Jurassic World 2,2018,127,Superhero,50,Yes,2015,Long (120-150)
The First Edge,2018,106,Horror,170,No,2015,Medium (100-120)
The First Fall,2018,109,Action,178,No,2015,Medium (100-120)
Spider-Man 3,2018,152,Superhero,215,Yes,2015,Very Long (150+)
The Hidden Horizon,2018,97,Superhero,157,No,2015,Short (<100)
The Lost Night,2018,105,Drama,61,No,2015,Medium (100-120)
The Iron Shadow,2018,80,Drama,50,No,2015,Short (<100)
The Broken Fall,2018,90,Horror,108,No,2015,Short (<100)
The Silver Storm,2018,105,Action,50,No,2015,Medium (100-120)
The Iron Rise,2018,93,Action,150,No,2015,Short (<100)
Batman 4,2018,133,Action,154,Yes,2015,Long (120-150)
The First Fire,2018,104,Comedy,82,No,2015,Medium (100-120)
The Iron Storm,2018,81,Sci-Fi,127,No,2015,Short (<100)
The First Rise,2018,99,Comedy,148,No,2015,Short (<100)
The Hidden Fire,2018,146,Superhero,257,No,2015,Long (120-150)
Spider-Man 4,2018,127,Action,138,Yes,2015,Long (120-150)
Spider-Man 5,2018,125,Action,192,Yes,2015,Long (120-150)
Mission Impossible 5,2018,143,Superhero,211,Yes,2015,Long (120-150)
The Hidden Shadow,2018,100,Sci-Fi,68,No,2015,Short (<100)
The Hidden Light,2018,97,Comedy,157,No,2015,Short (<100)
The Silent Dawn,2018,114,Drama,188,No,2015,Medium (100-120)
The First Light,2018,94,Drama,50,No,2015,Short (<100)
The Hidden Rise,2018,112,Comedy,67,No,2015,Medium (100-120)
Spider-Man 3,2018,153,Action,148,Yes,2015,Very Long (150+)
Star Wars 1,2018,148,Superhero,287,Yes,2015,Long (120-150)
Fast & Furious 2,2018,122,Sci-Fi,50,Yes,2015,Long (120-150)
The Broken Dawn,2018,84,Drama,50,No,2015,Short (<100)
The Hidden Fire,2018,119,Comedy,101,No,2015,Medium (100-120)
The Hidden Shadow,2018,123,Horror,168,No,2015,Long (120-150)
Batman 1,2018,129,Action,140,Yes,2015,Long (120-150)
The Iron Edge,2019,127,Superhero,90,No,2015,Long (120-150)
Fast & Furious 5,2019,151,Action,218,Yes,2015,Very Long (150+)
The Silent Fall,2019,86,Action,156,No,2015,Short (<100)
The Silver Fall,2019,107,Horror,97,No,2015,Medium (100-120)
The Silent Horizon,2019,127,Superhero,200,No,2015,Long (120-150)
Mission Impossible 1,2019,142,Sci-Fi,230,Yes,2015,Long (120-150)
The Iron Dawn,2019,84,Comedy,120,No,2015,Short (<100)
The Golden Night,2019,95,Superhero,141,No,2015,Short (<100)
The Hidden Edge,2019,119,Horror,190,No,2015,Medium (100-120)
The First Shadow,2019,122,Drama,103,No,2015,Long (120-150)
The Final Edge,2019,107,Superhero,61,No,2015,Medium (100-120)
The Dark Fire,2019,80,Horror,95,No,2015,Short (<100)
The First Storm,2019,120,Drama,124,No,2015,Medium (100-120)
Batman 1,2019,129,Action,166,Yes,2015,Long (120-150)
The Hidden Shadow,2019,111,Action,168,No,2015,Medium (100-120)
Star Wars 5,2019,136,Action,51,Yes,2015,Long (120-150)
Mission Impossible 3,2019,151,Superhero,206,Yes,2015,Very Long (150+)
The Dark Fall,2019,80,Comedy,50,No,2015,Short (<100)
The First Edge,2019,98,Drama,76,No,2015,Short (<100)
The Final Light,2019,125,Horror,190,No,2015,Long (120-150)
The Lost Night,2019,111,Sci-Fi,113,No,2015,Medium (100-120)
Jurassic World 4,2019,161,Superhero,171,Yes,2015,Very Long (150+)
Spider-Man 2,2019,122,Action,153,Yes,2015,Long (120-150)
Avengers 4,2019,151,Superhero,225,Yes,2015,Very Long (150+)
The Broken Fall,2019,115,Comedy,121,No,2015,Medium (100-120)
The First Light,2019,123,Action,68,No,2015,Long (120-150)
The Golden Light,2019,97,Drama,162,No,2015,Short (<100)
The Hidden Rise,2019,125,Horror,187,No,2015,Long (120-150)
Fast & Furious 5,2019,130,Sci-Fi,221,Yes,2015,Long (120-150)
Avengers 2,2019,147,Action,187,Yes,2015,Long (120-150)
Spider-Man 3,2019,140,Action,196,Yes,2015,Long (120-150)
Spider-Man 3,2019,120,Sci-Fi,105,Yes,2015,Medium (100-120)
Transformers 1,2019,123,Sci-Fi,78,Yes,2015,Long (120-150)
The Hidden Fall,2019,112,Comedy,149,No,2015,Medium (100-120)
Star Wars 2,2019,142,Action,98,Yes,2015,Long (120-150)
The Dark Horizon,2019,117,Horror,87,No,2015,Medium (100-120)
The First Fall,2019,98,Sci-Fi,82,No,2015,Short (<100)
Spider-Man 2,2019,160,Sci-Fi,236,Yes,2015,Very Long (150+)
Spider-Man 4,2019,142,Superhero,234,Yes,2015,Long (120-150)
Fast & Furious 1,2019,121,Sci-Fi,155,Yes,2015,Long (120-150)
The First Storm,2019,126,Comedy,173,No,2015,Long (120-150)
Mission Impossible 5,2019,145,Sci-Fi,63,Yes,2015,Long (120-150)
The Silver Fall,2019,130,Superhero,155,No,2015,Long (120-150)
The Broken Rise,2019,115,Sci-Fi,56,No,2015,Medium (100-120)
The Hidden Fire,2019,101,Drama,94,No,2015,Medium (100-120)
Star Wars 4,2019,144,Superhero,199,Yes,2015,Long (120-150)
Batman 4,2019,134,Sci-Fi,127,Yes,2015,Long (120-150)
Star Wars 4,2019,140,Sci-Fi,216,Yes,2015,Long (120-150)
Batman 4,2019,138,Sci-Fi,173,Yes,2015,Long (120-150)
Jurassic World 5,2019,155,Sci-Fi,237,Yes,2015,Very Long (150+)
Mission Impossible 2,2020,141,Action,141,Yes,2020,Long (120-150)
Spider-Man 5,2020,137,Action,167,Yes,2020,Long (120-150)
The Lost Shadow,2020,126,Horror,133,No,2020,Long (120-150)
The Lost Dawn,2020,110,Sci-Fi,98,No,2020,Medium (100-120)
The Silver Dawn,2020,141,Action,211,No,2020,Long (120-150)
Transformers 1,2020,126,Action,157,Yes,2020,Long (120-150)
The Final Rise,2020,104,Superhero,57,No,2020,Medium (100-120)
Batman 4,2020,153,Sci-Fi,169,Yes,2020,Very Long (150+)
The Dark Light,2020,111,Superhero,147,No,2020,Medium (100-120)
The Final Rise,2020,112,Comedy,97,No,2020,Medium (100-120)
The Broken Storm,2020,126,Sci-Fi,118,No,2020,Long (120-150)
Avengers 3,2020,137,Sci-Fi,219,Yes,2020,Long (120-150)
The Golden Rise,2020,130,Superhero,197,No,2020,Long (120-150)
Jurassic World 3,2020,154,Sci-Fi,164,Yes,2020,Very Long (150+)
The Lost Light,2020,98,Drama,117,No,2020,Short (<100)
The First Fire,2020,99,Horror,103,No,2020,Short (<100)
The Golden Fire,2020,101,Drama,50,No,2020,Medium (100-120)
The Silent Fire,2020,121,Drama,80,No,2020,Long (120-150)
The Silent Edge,2020,128,Horror,124,No,2020,Long (120-150)
The Silver Dawn,2020,130,Comedy,175,No,2020,Long (120-150)
The Dark Fire,2020,118,Horror,122,No,2020,Medium (100-120)
The Silver Storm,2020,82,Superhero,62,No,2020,Short (<100)
Batman 2,2020,133,Sci-Fi,162,Yes,2020,Long (120-150)
The Golden Shadow,2020,109,Sci-Fi,120,No,2020,Medium (100-120)
The Silent Rise,2020,125,Drama,76,No,2020,Long (120-150)
The First Shadow,2020,97,Action,50,No,2020,Short (<100)
Spider-Man 2,2020,147,Sci-Fi,102,Yes,2020,Long (120-150)
The Silver Fire,2020,123,Action,183,No,2020,Long (120-150)
Spider-Man 4,2020,154,Action,125,Yes,2020,Very Long (150+)
The Silver Fall,2020,144,Comedy,114,No,2020,Long (120-150)
The Hidden Fall,2020,97,Action,127,No,2020,Short (<100)
The Silver Dawn,2020,82,Horror,50,No,2020,Short (<100)
The Hidden Fire,2020,97,Sci-Fi,50,No,2020,Short (<100)
The Iron Shadow,2020,103,Action,60,No,2020,Medium (100-120)
Avengers 5,2020,161,Superhero,169,Yes,2020,Very Long (150+)
Batman 2,2020,136,Sci-Fi,121,Yes,2020,Long (120-150)
Spider-Man 3,2020,150,Superhero,202,Yes,2020,Long (120-150)
The Silver Fire,2020,101,Drama,122,No,2020,Medium (100-120)
The Broken Shadow,2020,112,Superhero,129,No,2020,Medium (100-120)
Transformers 2,2020,152,Superhero,174,Yes,2020,Very Long (150+)
Fast & Furious 3,2020,135,Superhero,214,Yes,2020,Long (120-150)
Jurassic World 5,2020,138,Sci-Fi,168,Yes,2020,Long (120-150)
Mission Impossible 3,2020,138,Action,167,Yes,2020,Long (120-150)
Batman 2,2020,144,Action,159,Yes,2020,Long (120-150)
The Lost Light,2020,124,Action,112,No,2020,Long (120-150)
The Golden Edge,2020,128,Drama,230,No,2020,Long (120-150)
Transformers 3,2020,147,Sci-Fi,242,Yes,2020,Long (120-150)
The Final Rise,2020,106,Sci-Fi,50,No,2020,Medium (100-120)
The Lost Light,2020,107,Superhero,147,No,2020,Medium (100-120)
The Dark Edge,2020,114,Superhero,77,No,2020,Medium (100-120)
The First Storm,2021,89,Drama,117,No,2020,Short (<100)
The Silver Storm,2021,102,Superhero,171,No,2020,Medium (100-120)
The Dark Storm,2021,88,Action,50,No,2020,Short (<100)
Star Wars 5,2021,137,Action,167,Yes,2020,Long (120-150)
The Final Rise,2021,86,Sci-Fi,159,No,2020,Short (<100)
The First Shadow,2021,97,Comedy,114,No,2020,Short (<100)
Spider-Man 5,2021,156,Action,251,Yes,2020,Very Long (150+)
The Final Light,2021,98,Comedy,228,No,2020,Short (<100)
Avengers 3,2021,136,Action,198,Yes,2020,Long (120-150)
Star Wars 1,2021,151,Action,152,Yes,2020,Very Long (150+)
Batman 3,2021,152,Action,254,Yes,2020,Very Long (150+)
The First Storm,2021,108,Comedy,93,No,2020,Medium (100-120)
The Dark Dawn,2021,124,Action,176,No,2020,Long (120-150)
The Broken Night,2021,114,Comedy,126,No,2020,Medium (100-120)
The Golden Night,2021,113,Superhero,50,No,2020,Medium (100-120)
Star Wars 3,2021,146,Superhero,106,Yes,2020,Long (120-150)
Star Wars 3,2021,145,Action,134,Yes,2020,Long (120-150)
The Silver Fire,2021,100,Sci-Fi,50,No,2020,Short (<100)
The Hidden Shadow,2021,99,Superhero,82,No,2020,Short (<100)
Mission Impossible 2,2021,133,Action,107,Yes,2020,Long (120-150)
The First Shadow,2021,96,Horror,107,No,2020,Short (<100)
Star Wars 5,2021,161,Action,213,Yes,2020,Very Long (150+)
The First Edge,2021,105,Horror,97,No,2020,Medium (100-120)
The Dark Rise,2021,111,Comedy,246,No,2020,Medium (100-120)
Spider-Man 3,2021,134,Sci-Fi,198,Yes,2020,Long (120-150)
The First Rise,2021,95,Sci-Fi,111,No,2020,Short (<100)
The Lost Storm,2021,100,Comedy,72,No,2020,Short (<100)
Mission Impossible 4,2021,151,Action,224,Yes,2020,Very Long (150+)
The Silent Fire,2021,110,Superhero,184,No,2020,Medium (100-120)
Jurassic World 5,2021,155,Action,136,Yes,2020,Very Long (150+)
Avengers 1,2021,155,Action,234,Yes,2020,Very Long (150+)
Jurassic World 4,2021,129,Action,224,Yes,2020,Long (120-150)
The Hidden Dawn,2021,95,Comedy,74,No,2020,Short (<100)
The Iron Shadow,2021,127,Action,237,No,2020,Long (120-150)
The Dark Storm,2021,80,Comedy,50,No,2020,Short (<100)
The Silver Fire,2021,99,Comedy,90,No,2020,Short (<100)
Star Wars 1,2021,130,Action,189,Yes,2020,Long (120-150)
Transformers 1,2021,143,Action,175,Yes,2020,Long (120-150)
Avengers 1,2021,150,Sci-Fi,159,Yes,2020,Long (120-150)
The Golden Fall,2021,89,Horror,85,No,2020,Short (<100)
The Silent Horizon,2021,129,Horror,125,No,2020,Long (120-150)
The Hidden Edge,2021,124,Action,160,No,2020,Long (120-150)
Batman 4,2021,151,Superhero,160,Yes,2020,Very Long (150+)
The Iron Horizon,2021,101,Comedy,50,No,2020,Medium (100-120)
The Lost Horizon,2021,100,Drama,50,No,2020,Short (<100)
The Broken Fall,2021,127,Sci-Fi,126,No,2020,Long (120-150)
The Hidden Edge,2021,105,Action,164,No,2020,Medium (100-120)
Jurassic World 2,2021,133,Sci-Fi,286,Yes,2020,Long (120-150)
The Broken Rise,2021,104,Superhero,95,No,2020,Medium (100-120)
Star Wars 1,2021,129,Superhero,153,Yes,2020,Long (120-150)
The Silent Horizon,2022,110,Sci-Fi,167,No,2020,Medium (100-120)
The Silent Fall,2022,80,Comedy,81,No,2020,Short (<100)
Mission Impossible 5,2022,155,Sci-Fi,233,Yes,2020,Very Long (150+)
Batman 3,2022,164,Superhero,224,Yes,2020,Very Long (150+)
The Lost Storm,2022,110,Sci-Fi,156,No,2020,Medium (100-120)
The First Storm,2022,125,Superhero,122,No,2020,Long (120-150)
Transformers 3,2022,154,Action,189,Yes,2020,Very Long (150+)
The Final Shadow,2022,117,Sci-Fi,92,No,2020,Medium (100-120)
Batman 5,2022,147,Superhero,102,Yes,2020,Long (120-150)
The First Edge,2022,112,Superhero,136,No,2020,Medium (100-120)
Star Wars 4,2022,158,Action,222,Yes,2020,Very Long (150+)
The Lost Horizon,2022,140,Sci-Fi,244,No,2020,Long (120-150)
The Final Night,2022,112,Drama,168,No,2020,Medium (100-120)
The Dark Fall,2022,90,Drama,98,No,2020,Short (<100)
The Silver Rise,2022,86,Horror,50,No,2020,Short (<100)
The Iron Dawn,2022,102,Sci-Fi,129,No,2020,Medium (100-120)
Fast & Furious 2,2022,149,Action,112,Yes,2020,Long (120-150)
The Golden Fire,2022,80,Superhero,61,No,2020,Short (<100)
The First Fall,2022,134,Drama,186,No,2020,Long (120-150)
Transformers 5,2022,169,Action,256,Yes,2020,Very Long (150+)
The Silent Edge,2022,105,Horror,191,No,2020,Medium (100-120)
Batman 2,2022,161,Action,223,Yes,2020,Very Long (150+)
The Broken Storm,2022,88,Sci-Fi,50,No,2020,Short (<100)
The Broken Edge,2022,106,Horror,69,No,2020,Medium (100-120)
The Silent Night,2022,90,Sci-Fi,145,No,2020,Short (<100)
The Final Fall,2022,112,Action,177,No,2020,Medium (100-120)
The Golden Rise,2022,122,Sci-Fi,73,No,2020,Long (120-150)
Star Wars 3,2022,135,Superhero,112,Yes,2020,Long (120-150)
Transformers 2,2022,147,Sci-Fi,232,Yes,2020,Long (120-150)
Fast & Furious 3,2022,147,Sci-Fi,251,Yes,2020,Long (120-150)
Batman 4,2022,144,Sci-Fi,207,Yes,2020,Long (120-150)
Fast & Furious 2,2022,141,Action,229,Yes,2020,Long (120-150)
The Silver Dawn,2022,89,Horror,86,No,2020,Short (<100)
The Final Storm,2022,108,Horror,176,No,2020,Medium (100-120)
The Hidden Dawn,2022,91,Horror,55,No,2020,Short (<100)
The Final Fire,2022,104,Sci-Fi,50,No,2020,Medium (100-120)
The Broken Edge,2022,115,Comedy,151,No,2020,Medium (100-120)
Spider-Man 2,2022,146,Action,195,Yes,2020,Long (120-150)
The First Light,2022,127,Sci-Fi,134,No,2020,Long (120-150)
The Silent Fire,2022,112,Superhero,144,No,2020,Medium (100-120)
Jurassic World 4,2022,133,Sci-Fi,194,Yes,2020,Long (120-150)
The Lost Fall,2022,97,Superhero,50,No,2020,Short (<100)
Spider-Man 4,2022,135,Action,84,Yes,2020,Long (120-150)
The Silver Dawn,2022,99,Action,50,No,2020,Short (<100)
The Silver Storm,2022,97,Horror,131,No,2020,Short (<100)
Star Wars 2,2022,160,Action,161,Yes,2020,Very Long (150+)
The Golden Shadow,2022,136,Comedy,211,No,2020,Long (120-150)
The First Fire,2022,135,Action,135,No,2020,Long (120-150)
The Broken Storm,2022,110,Drama,192,No,2020,Medium (100-120)
The Broken Edge,2022,80,Action,50,No,2020,Short (<100)
The Hidden Light,2023,121,Comedy,195,No,2020,Long (120-150)
The Broken Horizon,2023,119,Comedy,156,No,2020,Medium (100-120)
The Final Light,2023,82,Comedy,69,No,2020,Short (<100)
The Lost Storm,2023,110,Horror,54,No,2020,Medium (100-120)
The Broken Rise,2023,102,Comedy,55,No,2020,Medium (100-120)
The Broken Fall,2023,80,Sci-Fi,50,No,2020,Short (<100)
The Iron Night,2023,130,Sci-Fi,111,No,2020,Long (120-150)
Spider-Man 1,2023,138,Action,146,Yes,2020,Long (120-150)
Fast & Furious 2,2023,146,Sci-Fi,136,Yes,2020,Long (120-150)
The Lost Light,2023,95,Action,97,No,2020,Short (<100)
The Dark Light,2023,80,Superhero,50,No,2020,Short (<100)
The Broken Fall,2023,120,Superhero,139,No,2020,Medium (100-120)
The Hidden Night,2023,113,Superhero,71,No,2020,Medium (100-120)
The Lost Horizon,2023,98,Drama,103,No,2020,Short (<100)
The First Fire,2023,108,Superhero,170,No,2020,Medium (100-120)
Fast & Furious 1,2023,147,Action,221,Yes,2020,Long (120-150)
Mission Impossible 4,2023,139,Superhero,212,Yes,2020,Long (120-150)
The Broken Horizon,2023,108,Superhero,108,No,2020,Medium (100-120)
Star Wars 1,2023,138,Superhero,195,Yes,2020,Long (120-150)
The Broken Horizon,2023,112,Drama,50,No,2020,Medium (100-120)
Spider-Man 4,2023,139,Sci-Fi,141,Yes,2020,Long (120-150)
Batman 4,2023,159,Action,220,Yes,2020,Very Long (150+)
The Broken Horizon,2023,125,Superhero,159,No,2020,Long (120-150)
The Silent Fire,2023,95,Drama,75,No,2020,Short (<100)
Batman 1,2023,154,Superhero,193,Yes,2020,Very Long (150+)
The Silent Night,2023,101,Sci-Fi,84,No,2020,Medium (100-120)
Spider-Man 1,2023,133,Sci-Fi,112,Yes,2020,Long (120-150)
Star Wars 2,2023,133,Sci-Fi,59,Yes,2020,Long (120-150)
The Hidden Fire,2023,127,Horror,202,No,2020,Long (120-150)
Mission Impossible 2,2023,148,Superhero,163,Yes,2020,Long (120-150)
Spider-Man 2,2023,129,Superhero,120,Yes,2020,Long (120-150)
The Lost Shadow,2023,109,Action,79,No,2020,Medium (100-120)
The Golden Storm,2023,104,Action,73,No,2020,Medium (100-120)
Batman 5,2023,135,Superhero,171,Yes,2020,Long (120-150)
The Lost Shadow,2023,82,Superhero,50,No,2020,Short (<100)
Transformers 4,2023,138,Superhero,168,Yes,2020,Long (120-150)
Jurassic World 1,2023,141,Sci-Fi,148,Yes,2020,Long (120-150)
The Hidden Storm,2023,128,Comedy,102,No,2020,Long (120-150)
The Broken Shadow,2023,103,Sci-Fi,50,No,2020,Medium (100-120)
The Broken Rise,2023,112,Sci-Fi,77,No,2020,Medium (100-120)
The Dark Rise,2023,116,Sci-Fi,209,No,2020,Medium (100-120)
Transformers 5,2023,164,Action,235,Yes,2020,Very Long (150+)
The Hidden Storm,2023,103,Sci-Fi,103,No,2020,Medium (100-120)
The Silent Night,2023,110,Action,52,No,2020,Medium (100-120)
Transformers 1,2023,128,Sci-Fi,180,Yes,2020,Long (120-150)
Mission Impossible 3,2023,132,Superhero,209,Yes,2020,Long (120-150)
The Dark Edge,2023,137,Superhero,223,No,2020,Long (120-150)
The Final Fire,2023,109,Comedy,173,No,2020,Medium (100-120)
Batman 4,2023,141,Action,203,Yes,2020,Long (120-150)
Spider-Man 2,2023,123,Action,248,Yes,2020,Long (120-150)
The Final Fire,2024,116,Drama,187,No,2020,Medium (100-120)
Fast & Furious 3,2024,145,Superhero,116,Yes,2020,Long (120-150)
Fast & Furious 4,2024,159,Superhero,236,Yes,2020,Very Long (150+)
Avengers 5,2024,146,Sci-Fi,204,Yes,2020,Long (120-150)
The Golden Light,2024,83,Comedy,50,No,2020,Short (<100)
Batman 2,2024,148,Sci-Fi,248,Yes,2020,Long (120-150)
Avengers 1,2024,153,Action,280,Yes,2020,Very Long (150+)
Jurassic World 4,2024,160,Superhero,237,Yes,2020,Very Long (150+)
The First Fall,2024,99,Sci-Fi,50,No,2020,Short (<100)
Jurassic World 1,2024,154,Sci-Fi,244,Yes,2020,Very Long (150+)
Star Wars 5,2024,152,Action,161,Yes,2020,Very Long (150+)
The Hidden Edge,2024,109,Comedy,136,No,2020,Medium (100-120)
The First Fall,2024,103,Superhero,50,No,2020,Medium (100-120)
The Golden Edge,2024,138,Superhero,145,No,2020,Long (120-150)
Batman 5,2024,146,Action,250,Yes,2020,Long (120-150)
The Iron Fall,2024,90,Horror,96,No,2020,Short (<100)
Fast & Furious 1,2024,149,Superhero,168,Yes,2020,Long (120-150)
Avengers 1,2024,132,Action,197,Yes,2020,Long (120-150)
The Golden Fire,2024,120,Comedy,155,No,2020,Medium (100-120)
Batman 2,2024,152,Superhero,163,Yes,2020,Very Long (150+)
The Iron Fall,2024,114,Superhero,192,No,2020,Medium (100-120)
The Iron Fall,2024,126,Superhero,179,No,2020,Long (120-150)
The Broken Edge,2024,123,Action,77,No,2020,Long (120-150)
The Final Light,2024,119,Superhero,172,No,2020,Medium (100-120)
The Iron Horizon,2024,119,Drama,99,No,2020,Medium (100-120)
Transformers 1,2024,158,Sci-Fi,193,Yes,2020,Very Long (150+)
The Final Shadow,2024,85,Action,55,No,2020,Short (<100)
The Final Storm,2024,109,Horror,142,No,2020,Medium (100-120)
Fast & Furious 1,2024,140,Superhero,177,Yes,2020,Long (120-150)
Mission Impossible 1,2024,172,Action,377,Yes,2020,Very Long (150+)
The Golden Light,2024,112,Horror,184,No,2020,Medium (100-120)
The Final Storm,2024,130,Superhero,96,No,2020,Long (120-150)
Spider-Man 4,2024,134,Action,206,Yes,2020,Long (120-150)
The Lost Rise,2024,82,Comedy,50,No,2020,Short (<100)
The Dark Shadow,2024,102,Drama,86,No,2020,Medium (100-120)
The Lost Rise,2024,111,Horror,126,No,2020,Medium (100-120)
The Broken Fire,2024,112,Comedy,85,No,2020,Medium (100-120)
The Iron Horizon,2024,102,Comedy,218,No,2020,Medium (100-120)
Avengers 5,2024,162,Action,265,Yes,2020,Very Long (150+)
The Hidden Storm,2024,96,Drama,87,No,2020,Short (<100)
The Lost Storm,2024,96,Sci-Fi,102,No,2020,Short (<100)
The Iron Light,2024,99,Superhero,55,No,2020,Short (<100)
The Hidden Dawn,2024,111,Sci-Fi,114,No,2020,Medium (100-120)
Mission Impossible 5,2024,142,Action,169,Yes,2020,Long (120-150)
The Silver Rise,2024,92,Sci-Fi,175,No,2020,Short (<100)
The Lost Fire,2024,116,Horror,86,No,2020,Medium (100-120)
The Silent Dawn,2024,136,Drama,148,No,2020,Long (120-150)
Star Wars 5,2024,137,Sci-Fi,174,Yes,2020,Long (120-150)
Batman 2,2024,158,Action,234,Yes,2020,Very Long (150+)
Avengers 2,2024,154,Action,251,Yes,2020,Very Long (150+)
